3b9aca00, "Reuchlin, Jonkheer, J. G.", M, 2020/02/16 21:26:34
3b9aca76, "Drachstedt, Baron von", M, 2020/02/04 13:18:03
3b9acaec, "Foreman, B. L.", S, 2020/02/04 20:13:22
3b9acb62, "Mirko, Dika", M, 2020/02/05 14:01:16
3b9acbd8, "Kassem, Fared", M, 2020/02/11 18:05:56
3b9acc4e, "Sage, Frederick", C, 2020/02/04 18:47:58
3b9accc4, "Gowan, Annie", M, 2020/02/12 20:50:03
3b9acd3a, "Anderson, Ida Augusta", C, 2020/02/10 16:53:07
3b9acdb0, "Banous, Elias", S, 2020/02/08 12:30:48
3b9ace26, "Daly, P. D.", M, 2020/02/05 14:27:28
3b9ace9c, "Warren, Charles W.", M, 2020/02/03 19:17:46
3b9acf12, "Panula, Urhu", S, 2020/02/02 11:46:10
3b9acf88, "Morrow, Thomas", M, 2020/02/13 00:27:19
3b9acffe, "Frolicher, Marguerite", M, 2020/02/09 21:57:46